arch,colour_space,seed,epochs,train_acc,val_acc,test_acc,test_macro_f1,relit_test_acc,relit_macro_f1,train_minutes
mobilenet,rgb,1,10,0.9098,0.9157,0.9008,0.8889,0.8595,0.8509,24.1
mobilenet,rgb,2,10,0.9139,0.8989,0.8928,0.8777,0.8459,0.8341,22.7
mobilenet,rgb,3,10,0.9128,0.907,0.9047,0.8954,0.8618,0.8472,22.7
scratch,rgb,1,15,0.9647,0.7578,0.7745,0.736,0.3714,0.3288,36.5
scratch,rgb,2,15,0.9694,0.8075,0.8088,0.7761,0.3624,0.3132,37.9
scratch,rgb,3,15,0.9702,0.8388,0.8401,0.79,0.3837,0.3257,35.6
mobilenet,hsv,1,10,0.874,0.7823,0.7939,0.7745,0.6231,0.5932,29.3
mobilenet,hsv,2,10,0.8719,0.843,0.8433,0.8224,0.6673,0.6398,32.2
mobilenet,hsv,3,10,0.8724,0.8246,0.8304,0.8141,0.6431,0.6143,30.1
scratch,hsv,1,15,0.9722,0.9467,0.948,0.9434,0.4474,0.4259,46.3
scratch,hsv,2,15,0.9722,0.8966,0.8934,0.8753,0.3727,0.3528,47.1
scratch,hsv,3,15,0.9711,0.9367,0.9312,0.9186,0.4247,0.4007,45.5
